<?xml version="1.0" encoding="UTF-8"?>
<!-- Generated by eXe - http://exelearning.net -->
<manifest identifier="eXeackagename62cdd05326d55fd0cb2b" xmlns="http://www.imsproject.org/xsd/imscp_rootv1p1p2" xmlns:adlcp="http://www.adlnet.org/xsd/adlcp_rootv1p2" xmlns:imsmd="http://www.imsglobal.org/xsd/imsmd_v1p2" xmlns:xsi="http://www.w3.org/2001/XMLSchema-instance" xsi:schemaLocation="http://www.imsproject.org/xsd/imscp_rootv1p1p2 imscp_rootv1p1p2.xsd http://www.imsglobal.org/xsd/imsmd_rootv1p2p1 imsmd_rootv1p2p1.xsd http://www.adlnet.org/xsd/adlcp_rootv1p2 adlcp_rootv1p2.xsd" > 
<metadata> 
 <schema>ADL SCORM</schema> 
 <schemaversion>1.2</schemaversion> 
 <adlcp:location>imslrm.xml</adlcp:location> 
</metadata> 
<organizations default="eXeackagename62cdd05326d55fd0cb2c">  
    <organization identifier="eXeackagename62cdd05326d55fd0cb2c" structure="hierarchical">
        <title>期中作業-疊杯-功能性動作訓練</title>
<item identifier="ITEM-eXeackagename62cdd05326d55fd0cb2d" isvisible="true" identifierref="RES-eXeackagename62cdd05326d55fd0cb2e">
    <title>疊杯金氏世界紀錄</title>
<item identifier="ITEM-eXeackagename62cdd05326d55fd0cc2f" isvisible="true" identifierref="RES-eXeackagename62cdd05326d55fd0cc30">
    <title>影片</title>
</item>
<item identifier="ITEM-eXeackagename62cdd05326d55fd0cc31" isvisible="true" identifierref="RES-eXeackagename62cdd05326d55fd0cc32">
    <title>測驗題EXE</title>
</item>
<item identifier="ITEM-eXeackagename62cdd05326d55fd0cd33" isvisible="true" identifierref="RES-eXeackagename62cdd05326d55fd0cd34">
    <title>測驗題h5p</title>
</item>
</item>
  </organization>
</organizations>
<resources>
  <resource identifier="RES-eXeackagename62cdd05326d55fd0cb2e" type="webcontent" adlcp:scormtype="sco" href="index.html"> 
    <file href="index.html"/> 
    <file href="exe_html5.js"/>
    <file href="1eJSIPdKJyIqehHTxouWg0Q.png"/>
    <dependency identifierref="COMMON_FILES"/>
  </resource>
  <resource identifier="RES-eXeackagename62cdd05326d55fd0cc30" type="webcontent" adlcp:scormtype="sco" href="__.html"> 
    <file href="__.html"/> 
    <file href="exe_html5.js"/>
    <file href="exe_effects.css"/>
    <file href="exe_effects.js"/>
    <dependency identifierref="COMMON_FILES"/>
  </resource>
  <resource identifier="RES-eXeackagename62cdd05326d55fd0cc32" type="webcontent" adlcp:scormtype="sco" href="exe.html"> 
    <file href="exe.html"/> 
    <file href="exe_html5.js"/>
    <file href="interactive-video-bg.gif"/>
    <file href="interactive-video-less.gif"/>
    <file href="interactive-video-loading.gif"/>
    <file href="interactive-video-more.gif"/>
    <file href="interactive-video-sorter.png"/>
    <file href="interactive-video.css"/>
    <file href="interactive-video.js"/>
    <dependency identifierref="COMMON_FILES"/>
  </resource>
  <resource identifier="RES-eXeackagename62cdd05326d55fd0cd34" type="webcontent" adlcp:scormtype="sco" href="h5p.html"> 
    <file href="h5p.html"/> 
    <file href="exe_html5.js"/>
    <dependency identifierref="COMMON_FILES"/>
  </resource>
  <resource identifier="COMMON_FILES" type="webcontent" adlcp:scormtype="asset">
    <file href="icon_competencies.png"/>
    <file href="icon_question.png"/>
    <file href="content.css"/>
    <file href="icon_wikipedia.png"/>
    <file href="icon_history.png"/>
    <file href="icon_download.png"/>
    <file href="open-sans-bold.woff2"/>
    <file href="icon_piece.png"/>
    <file href="icon_write.png"/>
    <file href="icon_english.png"/>
    <file href="icon_think.png"/>
    <file href="icon_theater.png"/>
    <file href="icon_share.png"/>
    <file href="icon_math.png"/>
    <file href="icon_picture.png"/>
    <file href="icon_preknowledge.png"/>
    <file href="open-sans.woff"/>
    <file href="nav.css"/>
    <file href="icon_arts.png"/>
    <file href="icon_letters.png"/>
    <file href="icon_reading.png"/>
    <file href="icon_reflection.png"/>
    <file href="icon_collaborative.png"/>
    <file href="icon_diary.png"/>
    <file href="config.xml"/>
    <file href="_style_js.js"/>
    <file href="_style_idevice_header.gif"/>
    <file href="icon_java.png"/>
    <file href="icon_sport.png"/>
    <file href="icon_technology.png"/>
    <file href="icon_calc.png"/>
    <file href="_style_icons.png"/>
    <file href="icon_attached.png"/>
    <file href="icon_task.png"/>
    <file href="icon_agreement.png"/>
    <file href="icon_alert.png"/>
    <file href="icon_music.png"/>
    <file href="icon_objective.png"/>
    <file href="open-sans-bold.woff"/>
    <file href="icon_tool.png"/>
    <file href="open-sans.woff2"/>
    <file href="icon_info.png"/>
    <file href="icon_rss.png"/>
    <file href="icon_geography.png"/>
    <file href="icon_magnifier.png"/>
    <file href="icon_experiment.png"/>
    <file href="icon_nature.png"/>
    <file href="icon_cabinet.png"/>
    <file href="base.css"/>
    <file href="popup_bg.gif"/>
    <file href="SCORM_API_wrapper.js"/>
    <file href="SCOFunctions.js"/>
    <file href="common.js"/>
    <file href="common_i18n.js"/>
    <file href="exe_jquery.js"/>
    <file href="content.xsd"/>
    <file href="content.data"/>
    <file href="contentv3.xml"/>
    <file href="imslrm.xml"/>
  </resource>
</resources>
</manifest>
